Customer Id,Latitude,Longitude,Sales,Units,Profit,City
1,41.4378390,2.1748320,825.174,9,-117.882,Barcelona
2,41.3687220,2.1194990,1064.624,10,24.196,Barcelona
4,41.4221340,2.1885090,2154.348,14,311.1836,Barcelona
7,41.3718190,2.1229260,723.842,21,-133.1092,Barcelona
8,41.3865090,2.1655950,851.76,12,229.9752,Barcelona
9,41.4018330,2.1364040,2946.3668,22,-767.7436,Barcelona
11,41.3850570,2.1457950,2970.059,28,-78.637,Barcelona
12,41.4047280,2.1981470,1119.195,22,147.0942,Barcelona
13,41.3739610,2.1642790,90.882,3,-190.8522,Barcelona
18,41.3865540,2.1122090,935.1972,10,-125.7408,Barcelona
19,41.4321080,2.1550190,1570.0776,30,-26.9724,Barcelona
20,41.3646450,2.1618970,424.9,6,27.1936,Barcelona
22,41.3810540,2.1828150,1263.957,12,-56.3214,Barcelona
23,41.3874050,2.1650090,5492.885,26,15.0489999999995,Barcelona
27,41.4217480,2.2152340,1014.174,10,-418.548,Barcelona
28,41.3606190,2.1244980,2740.197,37,-975.0988,Barcelona
29,41.3554270,2.1406660,544.6148,5,-310.8642,Barcelona
30,41.3966410,2.1339190,119.833,1,-12.6882,Barcelona
32,41.3837120,2.1678370,12921.643,42,19.6863999999995,Barcelona
37,41.4348230,2.1911260,754.7336,16,-294.7672,Barcelona
39,41.3930160,2.1144840,7539.7122,35,780.3302,Barcelona
41,41.3897080,2.1079450,1320.228,19,362.7078,Barcelona
42,41.3873180,2.1406480,5184.081,27,-126.441,Barcelona
43,41.4375530,2.1796950,748.8608,6,24.1568,Barcelona
46,41.4412940,2.1701600,540.804,9,-12.291,Barcelona
47,41.4425160,2.1617240,2487.759,15,410.352,Barcelona
48,41.4127280,2.1534430,1912.308,18,-68.1096,Barcelona
49,41.3530500,2.1134860,1909.8178,19,-78.1864,Barcelona
51,41.3877230,2.1635710,3420.7704,21,-755.7516,Barcelona
53,41.3992460,2.1944440,3447.84,8,206.8704,Barcelona
54,41.3774560,2.1096220,322.192,14,-81.1676,Barcelona
55,41.3847700,2.1201530,1809.9182,26,111.8014,Barcelona
57,41.4260080,2.2089330,649.376,14,-97.4064,Barcelona
60,41.4468930,2.2120110,1474.308,22,-191.862,Barcelona
61,41.3881600,2.1137560,729.234,4,48.6156,Barcelona
62,41.3773520,2.1533880,1368.262,16,-103.482,Barcelona
63,41.4481620,2.2075910,802.074,14,106.47,Barcelona
65,41.4000890,2.1277630,1646.918,12,-285.9484,Barcelona
66,41.3643840,2.1422020,1427.683,10,-8.54900000000003,Barcelona
68,41.4122550,2.1878770,3317.7235,34,135.5887,Barcelona
71,41.4096700,2.1376100,3626.0056,34,-208.6504,Barcelona
72,41.3841810,2.1046110,2904.161,17,-170.833,Barcelona
73,41.4231480,2.1628350,489.3792,4,-70.8312,Barcelona
74,41.3561770,2.1348310,858.858,17,-9.9372,Barcelona
76,41.3673870,2.1611820,1897.8102,31,-612.9387,Barcelona
78,41.4306560,2.1952020,1072.344,9,-78.3636,Barcelona
80,41.3941340,2.1790380,4886.46,31,566.4674,Barcelona
81,41.4260240,2.1669720,1426.8878,32,-20.293,Barcelona
83,41.3884940,2.1233150,15610.9656,24,-669.5448,Barcelona
86,41.4114510,2.1283120,6584.64,36,814.416,Barcelona
88,41.4329130,2.1483420,3528.79,14,514.366,Barcelona
90,41.3909280,2.1141840,2793.808,41,-360.365,Barcelona
92,41.3809530,2.1824980,2032.35,10,-460.666,Barcelona
94,41.4135580,2.1302320,6084.144,17,697.1415,Barcelona
97,41.3906840,2.1436510,2647.809,34,49.1346,Barcelona
98,41.4371150,2.2121390,10637.528,51,1927.442,Barcelona
104,41.3506070,2.1201010,4770.633,42,-197.5848,Barcelona
105,41.4158480,2.1864870,685.588,23,115.7354,Barcelona
108,41.3890480,2.1933110,5697.76,27,870.16,Barcelona
109,41.4279560,2.2061530,3955.676,32,573.724,Barcelona
110,41.4289140,2.1710390,2207.956,13,231.6544,Barcelona
111,41.3612410,2.1459640,6008.536,39,785.4532,Barcelona
112,41.3818240,2.1304990,4626.582,18,750.7284,Barcelona
116,41.4192280,2.1615650,2913.914,25,-445.391,Barcelona
118,41.3836930,2.1030390,5294.456,44,833.5952,Barcelona
125,41.3853340,2.1481370,2442.024,51,117.4863,Barcelona
127,41.3703390,2.1696000,1744.472,16,-206.9692,Barcelona
129,41.4184070,2.1121470,12975.382,32,951.862,Barcelona
130,41.4238010,2.2237570,2670.465,40,446.0976,Barcelona
131,41.3668100,2.1647910,5861.533,21,701.98,Barcelona
133,41.4336420,2.1878110,2200.464,20,-130.98,Barcelona
134,41.3931390,2.1366990,1686.904,18,-36.4736,Barcelona
135,41.4471230,2.2012640,3989.734,32,425.7596,Barcelona
136,41.4540490,2.2141550,1689.968,13,-114.6764,Barcelona
137,41.4113610,2.1626900,881.192,26,170.8512,Barcelona
138,41.4457950,2.1812450,967.84,10,12.098,Barcelona
139,41.4342360,2.1994740,8774.5,28,1305.6456,Barcelona
141,41.3950700,2.1117480,1420.504,17,229.3922,Barcelona
143,41.4058720,2.1678310,1775.68,21,-228.6188,Barcelona
144,41.3843850,2.1738540,245.088,12,14.9184,Barcelona
145,41.3536600,2.1046690,21870.576,39,0,Barcelona
147,41.3652470,2.1652800,694.194,7,-158.4858,Barcelona
150,41.3562020,2.1664190,5427.99,22,1292.1264,Barcelona
151,41.4148760,2.1796790,2705.78,23,499.3394,Barcelona
152,41.4371310,2.2219820,2586.188,15,-48.7959999999997,Barcelona
153,41.4119560,2.1403700,901.506,44,44.166,Barcelona,Barcelona
155,41.4026770,2.1098070,207.184,1,25.898,Barcelona
157,41.4503180,2.1869970,6483.796,22,1540.704,Barcelona
158,41.3990740,2.1216620,7582.374,24,832.9932,Barcelona
159,41.3687720,2.1312800,6936.102,34,1233.0848,Barcelona
160,41.4159070,2.1893240,1311.876,19,-42.1096,Barcelona
161,41.4292240,2.1349920,1589.406,31,253.8392,Barcelona
163,41.4165220,2.1764650,4619.988,37,486.1556,Barcelona
164,41.4003520,2.1309660,3641.274,64,234.234,Barcelona
165,41.3927170,2.1947310,1268.696,7,73.194,Barcelona
166,41.3517270,2.1145090,764.7,19,76.9798,Barcelona
167,41.3555200,2.1050910,600.468,8,47.3096,Barcelona
169,41.4069010,2.1122290,5436.158,54,-474.7414,Barcelona
170,41.4089940,2.1591840,1437.484,19,54.588,Barcelona
171,41.3707840,2.1542310,5989.204,39,267.3034,Barcelona
172,41.3978210,2.1769810,1448.839,19,63.8928999999998,Barcelona
174,41.3949540,2.1782320,1842.268,20,155.372,Barcelona
175,41.4103760,2.2070610,3680.538,35,-491.175,Barcelona
180,41.3965800,2.1804110,5282.424,24,-989.0496,Barcelona
181,41.4049900,2.1682020,7979.44,33,926.185,Barcelona
184,41.3734950,2.1086700,1770.54,29,-216.3138,Barcelona
185,41.3620930,2.1022780,1396.442,28,-20.7332,Barcelona
187,41.3585430,2.1398720,705.32,6,151.3232,Barcelona
191,41.4254730,2.2096840,5906.032,21,1052.8144,Barcelona
192,41.4382090,2.2004350,969.252,8,204.3288,Barcelona
193,41.3838440,2.1221800,4166.884,59,-503.1194,Barcelona
194,41.4400740,2.2008540,2204.862,43,245.997,Barcelona
196,41.3946420,2.1970520,1890.38,39,-131.107,Barcelona
199,41.4401050,2.1943180,1242.054,13,139.3524,Barcelona
201,41.4106300,2.2033070,922.74,16,-133.4424,Barcelona
207,41.4258200,2.1560560,1341.522,22,-32.6508,Barcelona
208,41.3851850,2.1410830,9070.944,31,773.2608,Barcelona
209,41.4307020,2.1940470,4420.056,24,41.1167999999991,Barcelona
210,41.4449890,2.1987020,12325.75,51,1970.3938,Barcelona
211,41.3609450,2.1618030,8430.997,34,1388.6348,Barcelona
212,41.3569070,2.1686910,3150.576,35,499.851,Barcelona
213,41.4029840,2.2109630,12283.276,59,1257.5152,Barcelona
214,41.3921100,2.1146330,2389.902,30,-0.00000000000012,Barcelona
221,41.3949120,2.1463300,2185.951,44,283.7474,Barcelona
222,41.4475360,2.2184060,6450.234,36,868.5592,Barcelona
224,41.3951510,2.1104380,815.864,32,15.0832,Barcelona
225,41.4432580,2.1698010,1947.177,20,413.649,Barcelona
227,41.3633440,2.1615780,6146.412,42,1244.2964,Barcelona
228,41.3513620,2.1585830,1830.148,30,80.9800000000001,Barcelona
229,41.3567560,2.1148520,803.464,31,125.0166,Barcelona
231,41.4395250,2.1729210,2959.208,23,493.7046,Barcelona
238,41.3588560,2.1692320,1746.954,21,-246.3912,Barcelona
240,41.4255280,2.1869690,1501.898,24,254.8244,Barcelona
241,41.4045450,2.1784450,1775.075,24,117.059,Barcelona
242,41.4201180,2.2126450,4185.48,31,342.8874,Barcelona
243,41.3554540,2.1351200,6748.482,43,281.97,Barcelona
245,41.4046790,2.1775170,175.938,36,52.4832,Barcelona
246,41.3832860,2.1235150,236.778,45,88.35,Barcelona
247,41.4056440,2.1441690,124.74,17,37.037,Barcelona
250,41.4337790,2.1670120,487.512,27,180.0198,Barcelona
255,41.4236100,2.1522800,308.992,16,94.5152,Barcelona
257,41.3554260,2.1032960,159.268,16,7.6888,Barcelona
258,41.3951760,2.2013190,467.712,20,-129.92,Barcelona
260,41.4212960,2.1476110,45.396,20,14.55,Barcelona
263,41.3997780,2.1341760,176.784,38,49.3776,Barcelona
265,41.4475480,2.2249650,441.728,19,28.2576,Barcelona
267,41.4422780,2.2180960,376.798,31,84.752,Barcelona
269,41.4040650,2.1161450,124.586,19,26.2116,Barcelona
272,41.4241750,2.1447700,1685.44,18,244.3888,Barcelona
274,41.4124370,2.1965400,1431.944,14,46.3276,Barcelona
275,41.4124200,2.2065230,468.468,7,51.1056,Barcelona
276,41.4162290,2.1701170,1579.372,26,318.3616,Barcelona
278,41.3660820,2.1035980,82.832,30,26.72,Barcelona
279,41.4406160,2.1775390,338.98,17,94.9144,Barcelona
281,41.3663650,2.1018180,98.868,7,42.2436,Barcelona
282,41.3920710,2.1737400,175.78,11,8.789,Barcelona
283,41.3970690,2.1546840,357.948,13,94.7682,Barcelona
285,41.4116790,2.1979570,72.708,19,9.3126,Barcelona
286,41.3975850,2.1777610,3861.056,23,289.5792,Barcelona
287,41.4534840,2.2186900,455.07,34,183.1312,Barcelona
289,41.4090540,2.1322810,258.72,22,87.9648,Barcelona
291,41.4091140,2.1410940,145.69,17,52.4484,Barcelona
292,41.4260080,2.1300180,1115.64,33,-125.1996,Barcelona
293,41.3591040,2.1161100,133.136,22,39.1872,Barcelona
294,41.3653660,2.1189880,1002.364,23,124.6058,Barcelona
296,41.3718260,2.1432080,93.6,15,23.4,Barcelona
299,41.3730750,2.1051090,513.712,23,123.9264,Barcelona
300,41.3702720,2.1348240,138.16,22,58.0272,Barcelona
301,41.3712410,2.1110880,155.38,17,52.8292,Barcelona
302,41.3644760,2.1575970,146.114,10,6.796,Barcelona
303,41.3747600,2.1455340,1184.232,24,448.7616,Barcelona
304,41.4104100,2.1862990,150.66,37,48.1666,Barcelona
307,41.4548290,2.2151090,168.744,23,48.822,Barcelona
308,41.3573290,2.1346100,299.85,17,38.1809,Barcelona
309,41.4467440,2.1935320,216.34,14,75.346,Barcelona
310,41.3721430,2.1261690,455.456,24,61.4336,Barcelona
311,41.3944570,2.1605650,822.738,28,311.7744,Barcelona
312,41.4241910,2.1461140,125.786,26,20.772,Barcelona
313,41.4055040,2.1934340,681.454,17,256.1922,Barcelona
314,41.3544020,2.1315550,867.26,21,266.072,Barcelona
315,41.4356020,2.2119010,58.784,4,-1.0688,Barcelona
316,41.4114010,2.1665140,96.03,14,15.3648,Barcelona
317,41.3628610,2.1559270,3317.012,25,-530.038,Barcelona
318,41.4139140,2.1303090,839.676,57,176.3247,Barcelona
319,41.3823090,2.1471610,334.096,21,29.4532,Barcelona
320,41.3524090,2.1402600,160.54,23,46.5566,Barcelona
321,41.3753740,2.1409370,2267.972,25,148.372,Barcelona
323,41.4212310,2.1848880,108.936,15,-11.214,Barcelona
325,41.3604300,2.1671380,671.14,38,39.1012,Barcelona
326,41.4204210,2.1931800,270.84,23,108.092,Barcelona
327,41.4017990,2.1159480,546.192,17,17.4478,Barcelona
328,41.3840530,2.1453850,66.56,7,18.512,Barcelona
329,41.4275100,2.1713470,115.192,44,44.7216,Barcelona
332,41.3622140,2.1191070,93.984,37,32.7342,Barcelona
333,41.3795150,2.1200850,262.752,20,-7.61600000000002,Barcelona
334,41.3723880,2.1356370,48.852,12,17.0568,Barcelona
336,41.3596280,2.1655640,33.756,21,8.9088,Barcelona
338,41.3634450,2.1497320,434.56,24,197.104,Barcelona
343,41.4185940,2.1349970,121.296,13,21.7056,Barcelona
345,41.3888420,2.1531800,636.608,22,179.2896,Barcelona
346,41.4109130,2.1303010,265.104,27,74.7972,Barcelona
348,41.3846360,2.1726550,137.17,31,47.7257,Barcelona
349,41.3685240,2.1601430,251.76,12,65.4576,Barcelona
350,41.4139110,2.1064780,108.04,33,36.001,Barcelona
351,41.3903930,2.1168020,219.696,38,50.3072,Barcelona
354,41.3805570,2.1851880,143.928,10,-5.997,Barcelona
355,41.4412270,2.1744550,2425.424,60,655.5116,Barcelona
356,41.4065890,2.1514800,581.172,14,81.568,Barcelona
358,41.4496740,2.2206280,97.812,8,-1.7784,Barcelona
362,41.4189370,2.2052290,377.91,17,166.2804,Barcelona
364,41.3741950,2.1204570,170.62,22,56.0352,Barcelona
366,41.4298240,2.1653830,37.464,19,13.7368,Barcelona
368,41.3970930,2.2020750,59.696,10,14.56,Barcelona
369,41.4026960,2.1471180,763.668,15,-222.7365,Barcelona
370,41.4055220,2.1376720,156.8,10,61.152,Barcelona
371,41.4397130,2.1628400,76.78,13,29.5948,Barcelona
373,41.3960670,2.1679440,19.7,8,788,Barcelona
376,41.4253250,2.1418630,1047.736,27,340.5142,Barcelona
378,41.4244090,2.1666830,149.264,34,37.4142,Barcelona
380,41.3682010,2.1389650,2064.228,24,-173.1288,Barcelona
383,41.4414950,2.2095960,183.024,33,10.1106,Barcelona
386,41.3652990,2.1496610,331.76,8,39.8112,Barcelona
389,41.4364040,2.1801430,171.088,18,39.7528,Barcelona
390,41.4332740,2.1678410,254.064,29,89.104,Barcelona
391,41.3802160,2.1432120,154.336,27,42.2968,Barcelona
393,41.4200070,2.1501060,924.736,84,285.6472,Barcelona
395,41.3684020,2.1732790,36.396,18,-4.8528,Barcelona
396,41.4107070,2.1764320,93.528,8,2.0784,Barcelona
399,41.4335980,2.2153120,45.036,6,16.0128,Barcelona
401,41.4191550,2.1758390,117.28,5,-16.4925,Barcelona
402,41.4008960,2.1920560,167.93,7,38.6239,Barcelona
404,41.4041010,2.1141550,136.344,28,56.1184,Barcelona
408,41.4209530,2.1498750,168.84,13,78.256,Barcelona
409,41.3565710,2.1419000,56.1,3,21.318,Barcelona
411,41.3900200,2.1497710,180.46,4,-46.404,Barcelona
412,41.4144870,2.2149820,711.288,56,7.2048,Barcelona
413,41.3915620,2.1433690,291.456,15,97.152,Barcelona
414,41.4385000,2.1565270,63.824,2,9.57359999999999,Barcelona
415,41.3769530,2.1565550,467.072,17,162.0512,Barcelona
416,41.3669030,2.1220480,84.832,19,28.0524,Barcelona
417,41.4098040,2.1523660,1200.936,18,-256.5636,Barcelona
419,41.4196710,2.1790330,2699.056,29,1260.221,Barcelona
422,41.3678400,2.1518280,261.248,45,97.348,Barcelona
424,41.4102630,2.1744230,47.752,10,14.224,Barcelona
427,41.3746170,2.1238360,39.688,9,13.1164,Barcelona
428,41.3543860,2.1590080,500.308,14,101.7868,Barcelona
429,41.4177810,2.1082140,101.94,3,30.582,Barcelona
431,41.4129270,2.1550950,83.49,12,31.5744,Barcelona
432,41.3980920,2.1699550,152.064,30,42.768,Barcelona
433,41.3686290,2.1227410,1545.816,18,362.4672,Barcelona
434,41.4534140,2.2182640,108.08,15,6.755,Barcelona
435,41.3947970,2.1338430,369.248,21,-40.4914,Barcelona
436,41.4272800,2.1510920,775.612,20,135.932,Barcelona
437,41.3530460,2.1195190,35.904,21,15.2064,Barcelona
438,41.4359170,2.1823650,298.2,21,116.298,Barcelona
439,41.3532520,2.1277470,463.796,11,73.0232,Barcelona
441,41.3523650,2.1130140,1469.16,26,-40.5768,Barcelona
443,41.4283300,2.1297730,151.656,16,35.4576,Barcelona
444,41.3619330,2.1303970,210.912,11,59.2176,Barcelona
445,41.4366720,2.2069620,36.162,6,3.6162,Barcelona
449,41.3515600,2.1106890,531.948,21,192.2142,Barcelona
450,41.3749460,2.1033170,949.026,17,247.572,Barcelona
451,41.3717720,2.1728800,246.648,18,81.4512,Barcelona
452,41.4005710,2.2115840,1623.248,26,-343.0956,Barcelona
454,41.3811310,2.1474620,508.728,21,99.5808,Barcelona
455,41.4208350,2.1335080,2863.8,33,627.1722,Barcelona
456,41.4248980,2.1511760,180.31,18,55.822,Barcelona
457,41.4162460,2.1545160,1322.17,24,172.246,Barcelona
463,41.3822410,2.1677040,279.558,38,44.1936,Barcelona
464,41.4260170,2.1322360,149.7,15,41.916,Barcelona
467,41.3706020,2.1340380,1304.128,20,-111.328,Barcelona
469,41.3641300,2.1720650,158.24,10,27.692,Barcelona
470,41.3828870,2.1692720,316.484,20,71.12,Barcelona
471,41.4281700,2.2037180,2058.496,19,-529.76,Barcelona
472,41.3747710,2.1013740,65.296,23,17.1248,Barcelona
475,41.4220620,2.1831300,155.708,20,20.636,Barcelona
477,41.4002520,2.1478920,161.92,11,26.1096,Barcelona
478,41.4122700,2.1058710,253.648,21,41.8672,Barcelona
481,41.3794420,2.1486620,98.136,6,-78.5088,Barcelona
482,41.3846430,2.1444590,786.9,14,147.9372,Barcelona
484,41.4179690,2.1595060,563.03,13,56.303,Barcelona
485,41.4296410,2.2171040,196.248,17,55.1004,Barcelona
487,41.3537420,2.1327830,29.952,16,10.6496,Barcelona
489,41.4095640,2.1746050,673.87,17,72.0785,Barcelona
490,41.3901090,2.1963640,1264.582,21,222.875,Barcelona
491,41.3627920,2.1093920,536.04,36,144.7308,Barcelona
492,41.4373830,2.1619360,87.52,20,25.162,Barcelona
493,41.4326080,2.1543530,234.784,13,84.8056,Barcelona
495,41.4459300,2.1868370,1268.922,13,106.0902,Barcelona
496,41.3826570,2.1737790,346.788,17,93.5883,Barcelona
497,41.3933170,2.1114480,1117.428,39,322.9506,Barcelona
500,41.3722160,2.1677380,703.568,26,208.5644,Barcelona
502,41.4467870,2.1823480,29.7,6,13.068,Barcelona
503,41.4330730,2.2061490,1329.9,13,345.774,Barcelona
504,41.3799600,2.1611780,194.688,10,68.952,Barcelona
507,41.4346690,2.2156560,863.564,71,212.138,Barcelona
508,41.3716690,2.1709930,2759.06,17,314.766,Barcelona
513,41.4534450,2.2055690,202.592,24,71.6864,Barcelona
516,41.3776010,2.1150710,46.592,16,-2.8672,Barcelona
518,41.3907850,2.1905960,479.338,14,127.2996,Barcelona
519,41.3578430,2.1394110,81.008,16,25.7632,Barcelona
520,41.4147390,2.1988400,163.332,15,3.141,Barcelona
521,41.3882500,2.1782360,344.1,8,-42.18,Barcelona
523,41.3779550,2.1030500,379.4,10,-48.78,Barcelona
529,41.4075850,2.1784380,2191.68,16,569.8368,Barcelona
530,41.4548410,2.2230100,232.376,20,68.145,Barcelona
532,41.4005630,2.1921980,176.7,14,23.3244,Barcelona
533,41.3786530,2.1138090,226.784,11,30.4654,Barcelona
534,41.3925550,2.1359050,575.46,12,107.4192,Barcelona
535,41.3855570,2.1292010,702.44,14,123.96,Barcelona
536,41.3550510,2.1022340,1438.132,44,235.1407,Barcelona
538,41.3961190,2.1849560,1834.812,46,436.4379,Barcelona
541,41.4001100,2.2098900,1002.936,19,-267.4496,Barcelona
546,41.4229280,2.1640860,193.92,18,4.84799999999999,Barcelona
547,41.3776800,2.1220660,514.556,13,23.5382,Barcelona
548,41.3764580,2.1233050,390.66,17,132.8244,Barcelona
551,41.4560540,2.2159690,189.242,27,38.3015,Barcelona
553,41.3975490,2.1947800,779.424,57,162.8699,Barcelona
556,41.3768580,2.1671220,9917.64,27,-2876.1156,Barcelona
557,41.4211530,2.1725110,7242.768,29,-532.7613,Barcelona
559,41.3818720,2.1161890,4334.8275,22,430.0695,Barcelona
560,41.4566500,2.2194560,3354.89,18,100.211,Barcelona
561,41.4534550,2.2011900,1007.262,13,-586.8396,Barcelona
562,41.4286290,2.1688570,2764.257,47,-226.1274,Barcelona
563,41.3604380,2.1510570,2979.004,26,54.7164,Barcelona
564,41.3947230,2.1324690,8209.059,61,-189.9761,Barcelona
565,41.4368100,2.1619840,3739.115,14,608.043,Barcelona
566,41.3597260,2.1275230,2298.114,39,-12.1329000000003,Barcelona
569,41.4076700,2.1740510,4952.673,30,-450.243000000001,Barcelona
571,41.4313620,2.1707160,653.121,22,-148.3962,Barcelona
573,41.4456910,2.1823060,136.464,2,15.3522,Barcelona
574,41.4520700,2.2084120,3401.6,19,210.474,Barcelona
575,41.4350040,2.2046270,3963.901,22,-598.5228,Barcelona
576,41.4336970,2.1850180,3603.288,19,311.823,Barcelona
577,41.4242330,2.1940900,828.0965,11,-216.2545,Barcelona
581,41.3902140,2.1929390,519.941,4,-39.4438,Barcelona
584,41.3507660,2.1358800,9544.725,33,-1934.3976,Barcelona
585,41.4240310,2.2226480,5098.176,22,-404.0064,Barcelona
586,41.4258180,2.1324750,6518.754,19,-1201.0581,Barcelona
587,41.4260810,2.1674980,2671.421,20,-519.941,Barcelona
589,41.4413230,2.1676580,2033.496,9,-456.7032,Barcelona
591,41.4259150,2.2165040,2542.467,15,-445.587,Barcelona
594,41.3861160,2.1885220,3457.442,30,-392.548,Barcelona
596,41.3915060,2.1776140,2241.8675,26,-795.9725,Barcelona
601,41.3526550,2.1404510,2140.878,44,-479.2164,Barcelona
602,41.4086370,2.1963010,1436.232,12,-143.6232,Barcelona
603,41.4319950,2.1557380,3481.515,20,-295.815,Barcelona
605,41.4011420,2.1564230,2096.168,18,-206.5342,Barcelona
609,41.4285410,2.1341570,2297.538,19,100.9746,Barcelona
612,41.4003670,2.1798160,4544.925,24,-192.1854,Barcelona
613,41.3977110,2.1342770,6942.068,36,-856.0144,Barcelona
616,41.3755730,2.1038920,2847.78,20,-328.59,Barcelona
617,41.4282000,2.1460660,4297.644,11,-611.5878,Barcelona
621,41.4425110,2.2055980,3540.348,14,354.0348,Barcelona
622,41.4413230,2.1782780,1256.685,20,-386.621,Barcelona
623,41.3657490,2.1040660,13565.5715,53,-359.3541,Barcelona
626,41.3640770,2.1156480,6776.562,21,461.127,Barcelona
627,41.4322680,2.1537880,3140.55,18,-401.9904,Barcelona
628,41.3740630,2.1614490,4332.252,40,448.164,Barcelona
631,41.3872430,2.1569030,51.782,5,-17.5145,Barcelona
632,41.3513940,2.1090560,7404.5,30,-681.214,Barcelona
633,41.3970990,2.1599920,2056.694,32,10.6872,Barcelona
635,41.4333980,2.2075150,1231.56,13,96.2856,Barcelona
637,41.4076610,2.1131160,1088.64,16,-104.832,Barcelona
639,41.3670990,2.1623610,4446.175,25,-1147.4,Barcelona
640,41.4241790,2.1878080,1296.028,6,-177.3512,Barcelona
641,41.4171580,2.1012210,5634.9,17,-964.194,Barcelona
642,41.3891750,2.1647140,1706.25,15,-1148.4375,Barcelona
643,41.3605440,2.1438280,917.92,5,-415.9325,Barcelona
644,41.3539840,2.1098220,3253.22,20,-164.72,Barcelona
645,41.3976310,2.1165890,5965.09,26,-238.6036,Barcelona
646,41.4181050,2.1861830,2040.054,18,-115.3074,Barcelona
648,41.3700980,2.1130710,3775.647,29,541.654,Barcelona
649,41.4263720,2.1883090,638.82,12,34.0704,Barcelona
651,41.3562370,2.1676620,5801.816,23,-66.8272,Barcelona
652,41.4350870,2.2088710,1243.788,27,74.9931,Barcelona
653,41.4356900,2.2002160,168.392,14,35.308,Barcelona
656,41.4157110,2.2021620,266.336,17,-120.176,Barcelona
657,41.4042780,2.1804470,38.272,7,-3.6608,Barcelona
658,41.4131680,2.1914490,558.74,15,101.003,Barcelona
659,41.3597960,2.1075440,1320.166,12,417.0244,Barcelona
660,41.3796520,2.1199430,770.112,16,162.5792,Barcelona
664,41.4290450,2.1622740,128.7,12,37.44,Barcelona
665,41.4166440,2.1899000,5906.52,18,1653.8256,Barcelona
669,41.3586640,2.1038320,157.92,5,17.766,Barcelona
670,41.3809220,2.1578280,436.128,41,58.2802,Barcelona
672,41.4391250,2.1531870,170.744,11,-325.6332,Barcelona
673,41.3915120,2.1463800,2010.852,29,376.4874,Barcelona
676,41.4026340,2.1906570,43.7,10,11.362,Barcelona
677,41.4084000,2.2091780,344.59,19,67.2964,Barcelona
679,41.3832190,2.1740440,357.616,30,67.774,Barcelona
681,41.4247560,2.1789450,61.824,18,1.344,Barcelona
683,41.4358990,2.2136290,3511.012,24,383.6776,Barcelona
684,41.3715620,2.1296930,2491.28,21,563.816,Barcelona
688,41.4034370,2.1643520,2221.56,24,476.6256,Barcelona
689,41.3931080,2.1741190,1761.76,23,549.7635,Barcelona
690,41.3696230,2.1488850,4476.96,17,956.9502,Barcelona
692,41.4288080,2.1406490,647.84,8,168.4384,Barcelona
695,41.3783260,2.1091870,515.79,11,201.1581,Barcelona
696,41.3703710,2.1649720,1776.048,40,207.024,Barcelona
698,41.4017070,2.1310890,1207.2,20,80.48,Barcelona
699,41.4240570,2.1883470,948.228,19,241.1354,Barcelona
700,41.3700450,2.1209520,1326.036,37,260.4644,Barcelona
702,41.4296570,2.1593290,147.26,9,48.755,Barcelona
703,41.4513000,2.2007090,186.66,17,50.3982,Barcelona
704,41.4202430,2.2085340,812.16,9,235.5264,Barcelona
705,41.3747010,2.1139900,1946.7,13,374.22,Barcelona
706,41.3823700,2.1071360,759.122,20,166.84,Barcelona
707,41.4137400,2.2170760,343.076,41,81.5452,Barcelona
708,41.3547210,2.1152640,952.168,26,55.3811999999999,Barcelona
710,41.3879390,2.1634040,1023.352,6,-9.3032,Barcelona
711,41.3549890,2.1185430,50.57,17,1.6338,Barcelona
714,41.4266940,2.2084900,18.096,8,-2.5056,Barcelona
715,41.4045690,2.1644500,289.456,31,-113.7672,Barcelona
716,41.4086620,2.1833580,229.886,28,53.696,Barcelona
717,41.3667580,2.1037470,239.58,14,41.382,Barcelona
718,41.3869520,2.1880850,2706.08,14,578.6848,Barcelona
721,41.4307120,2.1554690,737.754,15,89.97,Barcelona
723,41.4331150,2.2047640,1.624,2,-4.466,Barcelona
725,41.4096610,2.1772310,107.508,13,25.2297,Barcelona
728,41.4327430,2.1845640,83.904,22,12.7604,Barcelona
730,41.3972640,2.1814040,1383.081,26,381.2074,Barcelona
735,41.4180420,2.1923060,516.216,29,122.8368,Barcelona
737,41.3892440,2.1834490,448.902,14,-7.0416,Barcelona
738,41.4469420,2.1952860,823.252,16,-17.0328,Barcelona
741,41.4153390,2.1007200,1674.4,20,146.51,Barcelona
742,41.3889500,2.1458080,259.8,10,90.93,Barcelona
743,41.3975410,2.1869330,452.965,8,105.485,Barcelona
744,41.3966270,2.1560870,2883.276,21,229.5942,Barcelona
745,41.3785050,2.1466560,2946.2,18,-872.0752,Barcelona
746,41.3772720,2.1091490,929.48,21,169.2632,Barcelona
747,41.4224140,2.1835270,6832.908,31,460.3527,Barcelona
748,41.4243390,2.1579370,277.92,4,83.376,Barcelona
750,41.4122900,2.1598980,3039.5,31,401.214,Barcelona
751,41.3530770,2.1426560,675.12,3,290.3016,Barcelona
752,41.3956230,2.1498530,386.754,15,100.662,Barcelona
753,41.4196210,2.1667000,664.832,15,-78.016,Barcelona
754,41.4229490,2.1956100,464.196,22,110.304,Barcelona
755,41.4475580,2.1897650,9.768,6,444,Barcelona
757,41.3734930,2.1009450,11304.44,40,3247.02,Barcelona
758,41.4276970,2.2122540,333.564,17,86.8566,Barcelona
761,41.3921950,2.1126780,665.676,25,43.706,Barcelona
762,41.4083050,2.1320970,3855.18,14,1503.5202,Barcelona
763,41.3841850,2.1384110,197.72,4,55.3616,Barcelona
765,41.3873570,2.1762920,1524.532,12,53.0272,Barcelona
767,41.3996260,2.1152360,151.062,12,47.9844,Barcelona
769,41.3717730,2.1656450,106.172,10,2.794,Barcelona
771,41.4180770,2.1320700,149.916,15,22.971,Barcelona
776,41.4483030,2.2105260,937.848,22,130.4832,Barcelona
777,41.3773700,2.1265060,3051.3,9,697.44,Barcelona
778,41.4233180,2.1513790,87.75,29,20.8325,Barcelona
779,41.4507830,2.2125030,1473.108,8,311.22,Barcelona
780,41.3924110,2.1296090,693.952,24,143.7472,Barcelona
784,41.4248630,2.1564710,5009.48,16,715.64,Barcelona
786,41.4384250,2.2078500,244.288,10,41.64,Barcelona
787,41.3760090,2.1119640,180.66,3,50.5848,Barcelona
789,41.4228510,2.1683370,13,5,1.3,Barcelona
790,41.3778340,2.1488630,262.449,29,28.7496,Barcelona
791,41.4213370,2.1620960,199.728,16,17.52,Barcelona
793,41.4334170,2.1505400,135.714,24,21.1486,Barcelona
794,41.4013840,2.1897000,147.528,6,-36.882,Barcelona
795,41.4330920,2.2239070,299.208,9,-177.2232,Barcelona
796,41.3654070,2.1130140,234.612,22,42.3738,Barcelona
797,41.4369210,2.1722980,895.856,20,163.3668,Barcelona
798,41.3828990,2.1099270,2488.392,36,380.5776,Barcelona
800,41.3730240,2.1404210,409.6,20,110.592,Barcelona
801,41.3771990,2.1443750,1042.08,13,291.7824,Barcelona
802,41.3583310,2.1648820,47.544,5,10.188,Barcelona
804,41.3780450,2.1675010,867.768,30,57.09,Barcelona
806,41.4139550,2.1405420,203.94,18,87.6942,Barcelona
807,41.3899600,2.1836860,432.432,35,60.424,Barcelona
809,41.4169340,2.1913310,91.686,18,-10.4118,Barcelona
810,41.4058250,2.1075180,303.36,14,-20.4768,Barcelona
811,41.4174760,2.2197030,118.72,29,43.7144,Barcelona
813,41.3741120,2.1669780,118.296,24,17.856,Barcelona
814,41.3616010,2.1562960,65.6,22,14.3664,Barcelona
816,41.4297890,2.1994310,68.48,18,13.7816,Barcelona
818,41.3979180,2.1190520,61.716,23,14.4004,Barcelona
820,41.4147950,2.2052540,75.92,13,19.7392,Barcelona
821,41.4125150,2.1779480,23.332,8,4.912,Barcelona
824,41.4438430,2.1885930,13.622,11,2.3074,Barcelona
825,41.3543390,2.1378910,1617.948,44,448.164,Barcelona
826,41.3815740,2.1450170,83.426,21,36.5918,Barcelona
828,41.4164560,2.1381910,86.076,6,19.128,Barcelona
829,41.3976380,2.1559000,29.346,16,3.7668,Barcelona
830,41.4220710,2.1644600,22.4,14,9.632,Barcelona
836,41.4541670,2.2007410,83.952,8,15.8576,Barcelona
838,41.3597100,2.1503730,405.36,15,109.785,Barcelona
841,41.4269170,2.2028100,476.16,26,94.4384,Barcelona
844,41.4227500,2.1956010,67.83,19,17.6358,Barcelona
845,41.3709810,2.1628210,81.32,23,9.4588,Barcelona
846,41.3978400,2.1182970,45.15,22,13.459,Barcelona
847,41.3941040,2.1085220,263.34,23,72.072,Barcelona
848,41.3530970,2.1168960,94.86,20,26.784,Barcelona
851,41.3874180,2.1632680,37.696,7,7.4784,Barcelona
852,41.4027410,2.1132080,88.16,30,27.968,Barcelona
854,41.4243510,2.1812750,19.292,12,3.5672,Barcelona
855,41.3682430,2.1076690,24.272,8,4.8544,Barcelona
860,41.3670700,2.1151730,102.608,10,16.324,Barcelona
861,41.3863930,2.1126310,431.29,13,165.206,Barcelona
864,41.4476760,2.1769020,131.124,52,23.5216,Barcelona
865,41.3867500,2.1779870,14.2,5,4.402,Barcelona
866,41.4132450,2.1532600,30.8,14,13.552,Barcelona
868,41.4039740,2.1243280,618.562,27,120.3337,Barcelona
869,41.3941310,2.1517660,16.176,5,6.74,Barcelona
870,41.4493050,2.1917020,15.47,8,6.0996,Barcelona
872,41.3999380,2.1601680,80.952,30,23.778,Barcelona
873,41.3523030,2.1324770,60.64,8,23.6496,Barcelona
876,41.3514540,2.1301500,42.64,14,10.0368,Barcelona
879,41.3631680,2.1684950,26.688,10,6.116,Barcelona
880,41.4045250,2.2055450,75.348,14,20.0928,Barcelona
881,41.3617700,2.1610300,23.52,8,6.3504,Barcelona
882,41.3680060,2.1405840,29.4,14,8.232,Barcelona
883,41.4384830,2.1595020,79.968,32,13.1712,Barcelona
884,41.3951070,2.1493100,38.72,25,7.48,Barcelona
885,41.4051340,2.1981270,123.12,21,30.5856,Barcelona
886,41.4570500,2.2194170,128.03,34,29.736,Barcelona
888,41.4325760,2.1547000,59.8,11,11.1228,Barcelona
891,41.4053770,2.1796500,196.35,20,34.65,Barcelona
892,41.4291220,2.2118900,209.664,7,49.7952,Barcelona
893,41.4264000,2.1767420,28.208,10,4.264,Barcelona
894,41.3579980,2.1648010,36.608,23,7.8672,Barcelona
896,41.4114670,2.1850280,79.168,35,21.0886,Barcelona
897,41.3550010,2.1105990,48.93,21,14.1897,Barcelona
899,41.3585510,2.1015140,460.288,25,93.248,Barcelona
901,41.3923900,2.1370670,75.624,30,15.618,Barcelona
902,41.3919640,2.1968320,171.39,19,55.357,Barcelona
904,41.3708930,2.1122990,297.99,13,70.477,Barcelona
905,41.4292360,2.1955470,123.808,24,34.1056,Barcelona
906,41.3818060,2.1026180,34.58,13,8.9908,Barcelona
909,41.4249600,2.1477420,173.5,27,53.5768,Barcelona
910,41.3746820,2.1151730,38.976,24,18.816,Barcelona
911,41.4238020,2.1968290,402.976,24,92.1088,Barcelona
912,41.4272690,2.1662880,287.97,31,109.4286,Barcelona
916,41.4198910,2.1935090,30.832,17,8.1404,Barcelona
917,41.4474120,2.1820600,45.92,15,17.876,Barcelona
918,41.3653710,2.1422830,1073.112,27,206.2662,Barcelona
920,41.3946600,2.1540100,75.306,17,14.6211,Barcelona
921,41.4027290,2.1766170,511.872,28,123.008,Barcelona
923,41.3645800,2.1246840,275.076,19,42.7896,Barcelona
926,41.4533640,2.2058140,21.168,14,3.7632,Barcelona
928,41.4406050,2.1575670,77.87,13,22.5823,Barcelona
929,41.4510400,2.1910610,81.652,29,19.4296,Barcelona
930,41.4431740,2.1820200,531.712,27,135.3088,Barcelona
931,41.3712910,2.1681280,1166.44,25,310.89,Barcelona
933,41.3551810,2.1206020,18.2,8,3.016,Barcelona
936,41.4107020,2.2050880,573.648,16,126.8064,Barcelona
937,41.4379360,2.1677800,31.104,11,8.6112,Barcelona
938,41.4208420,2.1635450,50.768,18,9.2852,Barcelona
939,41.3857060,2.1706280,54.348,9,22.3215,Barcelona
940,41.4326660,2.2091650,44.892,19,8.6172,Barcelona
941,41.4263550,2.1951400,82.656,26,22.1072,Barcelona
942,41.3692090,2.1576950,110.76,27,42.8982,Barcelona
943,41.3511200,2.1308350,209.568,30,77.88,Barcelona
944,41.4371750,2.2239760,37.548,13,9.2678,Barcelona
945,41.3619010,2.1501870,89.64,21,-8.338,Barcelona
947,41.4166100,2.1916340,149.632,24,48.6304,Barcelona
949,41.3926460,2.1979740,1113.024,8,111.3024,Barcelona
950,41.4165070,2.1006540,14.98,1,4.494,Barcelona
954,41.3892320,2.1186110,56.156,22,11.5092,Barcelona
957,41.4038330,2.1902590,37.164,8,14.0832,Barcelona
959,41.3969830,2.1515780,197.82,9,59.346,Barcelona
961,41.4243510,2.1444370,30.576,18,6.6612,Barcelona
963,41.4205840,2.1601220,293.7,24,63.012,Barcelona
965,41.4195980,2.1701860,444.602,23,69.9918,Barcelona
966,41.4172790,2.1754360,436.48,24,155.5456,Barcelona
967,41.4311760,2.2006240,90.552,32,38.808,Barcelona
969,41.4097910,2.1096320,96.728,23,26.8356,Barcelona
970,41.3570260,2.1417800,24.92,15,5.696,Barcelona
971,41.4441880,2.1884600,138.176,14,32.9184,Barcelona
972,41.4446340,2.1646590,90.744,26,22.4472,Barcelona
973,41.4028240,2.1184320,229.572,28,58.6684,Barcelona
974,41.3893830,2.1542520,92.184,32,17.356v,Barcelona
975,41.3606320,2.1275760,47.232,17,11.9808,Barcelona
976,41.4217870,2.1919580,46.944,11,8.2152,Barcelona
978,41.4271080,2.1526560,43.924,17,15.568,Barcelona
979,41.4263410,2.1982060,157.532,23,33.3542,Barcelona
980,41.3642000,2.1512380,873.636,32,149.9432,Barcelona
982,41.4186250,2.1734710,67.032,24,15.5232,Barcelona
983,41.3721370,2.1452790,95.94,19,17.0235,Barcelona
984,41.3901410,2.1032750,42.944,27,18.2336,Barcelona
986,41.3827680,2.1647600,8.04,6,2.7336,Barcelona
988,41.3811160,2.1537070,219.78,31,68.376,Barcelona
989,41.4547280,2.2052420,65.6,24,9.7088,Barcelona
991,41.4049820,2.1603710,127.544,32,30.3024,Barcelona
992,41.3660180,2.1100750,171.14,44,53.8096,Barcelona
993,41.4373530,2.1620580,100.928,20,20.672,Barcelona
994,41.4024220,2.1911890,523.59,20,118.23,Barcelona
997,41.4401650,2.1821190,80.592,15,34.164,Barcelona
999,41.3568470,2.1352730,123.904,30,26.62,Barcelona
1000,41.3814050,2.1308720,62.32,20,15.744,Barcelona
1003,41.4039690,2.1970890,265.416,16,72.0824,Barcelona
1004,41.3578440,2.1609460,110.94,25,36.6432,Barcelona
1005,41.3540340,2.1078320,254.85,17,49.7807,Barcelona
1007,41.4138900,2.1513870,86.736,33,18.8484,Barcelona
1012,41.4002550,2.1325200,182.49,17,76.461,Barcelona
1013,41.4376990,2.2226620,59.696,35,24.661,Barcelona
1014,41.3807840,2.1817720,25.92,9,7.5168,Barcelona
1015,41.3737720,2.1706660,43.75,5,13.125,Barcelona
1017,41.4230230,2.1436880,39.78,18,10.7406,Barcelona
1018,41.3636910,2.1189060,93.152,30,23.288,Barcelona
1019,41.3770380,2.1313710,45.592,18,8.5624,Barcelona
1024,41.4152250,2.1102160,26.08,9,9.6496,Barcelona
1025,41.4049960,2.1605870,17.94,3,6.4584,Barcelona
1028,41.4054750,2.1514710,565.386,14,140.9368,Barcelona
1029,41.4281170,2.1681790,10.496,4,1.1808,Barcelona
1030,41.3574730,2.1640630,7.7,2,3.157,Barcelona
1033,41.3741640,2.1323280,671.808,20,153.956,Barcelona
1034,41.3697650,2.1412770,705.208,22,111.538,Barcelona
1035,41.4408100,2.1649230,17.64,8,5.7456,Barcelona
1037,41.4555500,2.2088220,496.248,30,113.274,Barcelona
1038,41.3786560,2.1564050,157.2,15,39.3,Barcelona
1040,41.3532600,2.1081510,234.768,49,34.456,Barcelona
1041,41.4056720,2.2136530,25.992,12,10.6704,Barcelona
1042,41.4146440,2.1622270,389.7,15,109.116,Barcelona
1045,41.4430730,2.2205600,94.99,24,23.6236,Barcelona
1046,41.3744520,2.1654160,8.4,5,2.1,Barcelona
1048,41.4193110,2.1793230,330.924,31,59.5903,Barcelona
1053,41.4528620,2.2132680,86.112,23,30.8844,Barcelona
1055,41.3668850,2.1252520,234.24,16,67.9296,Barcelona
1058,41.4028390,2.1769120,47.08,11,14.5948,Barcelona
1065,41.3694680,2.1015760,24.272,17,8.938,Barcelona
1066,41.4171710,2.1659250,185.078,11,55.7772,Barcelona
1067,41.4363220,2.2112820,533.368,25,119.548,Barcelona
1072,41.4065400,2.2027050,342.55,17,92.4885,Barcelona
1073,41.4051120,2.1447250,88.896,20,26.854,Barcelona
1074,41.4093050,2.2035310,171.04,8,44.4704,Barcelona
1075,41.3902250,2.1217200,9.92,4,3.472,Barcelona
1076,41.4354420,2.2032470,49.128,19,12.6024,Barcelona
1077,41.3620760,2.1299840,120.704,40,32.8,Barcelona
1078,41.3670370,2.1434930,47.88,5,2.9925,Barcelona
1079,41.4040420,2.1936030,51.6,11,11.3004,Barcelona
1080,41.4281380,2.1776160,37.52,6,10.586,Barcelona
1084,41.4311410,2.1406380,47.988,10,8.37,Barcelona
1088,41.3835130,2.1803600,9.84,3,2.8536,Barcelona
1089,41.4332980,2.1640820,145.912,25,33.787,Barcelona
1090,41.3866370,2.1265810,176.742,29,9.0553,Barcelona
1091,41.3539830,2.1379930,33.108,9,7.1556,Barcelona
1092,41.4283800,2.2172880,197.83,42,35.332,Barcelona
1094,41.4446140,2.1831230,433.789,38,125.7838,Barcelona
1096,41.4304880,2.1700550,241.56,36,39.9672,Barcelona
1097,41.3633190,2.1558820,68.172,12,30.8568,Barcelona
1098,41.4052430,2.2080700,91.728,31,16.2864,Barcelona
1099,41.4155980,2.1475500,81.744,44,11.7312,Barcelona
1101,41.4007060,2.1052530,191.98,47,50.228,Barcelona
1102,41.4387880,2.2147600,25.83,25,-4.92,Barcelona
1105,41.4404750,2.2006130,54.474,9,-3.891,Barcelona
1110,41.4344420,2.1675870,85.255,10,8.67,Barcelona
1111,41.3615840,2.1302370,72.912,22,-13.328,Barcelona
1112,41.3514880,2.1585960,164.985,50,3.235,Barcelona
1113,41.3861520,2.1747950,269.394,35,-2.283,Barcelona
1114,41.3856690,2.1374900,451.962,35,106.344,Barcelona
1117,41.4301370,2.1741530,172.692,30,59.778,Barcelona
1119,41.3594760,2.1299390,102.619,44,-11.8822,Barcelona
1121,41.4199370,2.2244300,115.24,16,42.312,Barcelona
1126,41.4303040,2.2036610,197.169,32,-69.5702,Barcelona
1128,41.4120940,2.1538030,11.484,6,-5.742,Barcelona
1129,41.3880340,2.1543240,19024.5,48,760.98,Barcelona
1130,41.4428660,2.1752400,87.264,50,13.824,Barcelona
1132,41.4228510,2.1789130,26.063,8,9.8806,Barcelona
1133,41.4210040,2.1878290,91.44,28,34.8996,Barcelona
1134,41.3784920,2.1640450,1219.821,38,329.0478,Barcelona
1135,41.3625070,2.1480640,653.984,29,210.864,Barcelona
1136,41.4085200,2.1815280,94.128,39,11.448,Barcelona
1138,41.4392310,2.1632830,66.566,25,-39.699,Barcelona
1140,41.3805270,2.1452320,496.018,15,-411.332,Barcelona
1141,41.4066990,2.1057060,67.25,17,19.6908,Barcelona
1142,41.3668030,2.1346020,141.884,35,57.023,Barcelona
1144,41.4078450,2.1245120,10.824,9,-2.0064,Barcelona
1146,41.3748390,2.1645720,39.384,14,-1.9692,Barcelona
1147,41.3506610,2.1009580,146.981,17,18.4083,Barcelona
1148,41.3762880,2.1045900,410.004,36,111.2868,Barcelona
1149,41.3629630,2.1423580,1100.48,47,328.928,Barcelona
1150,41.4463100,2.1715060,99.324,27,22.9086,Barcelona
1151,41.4115200,2.1366860,209.306,40,26.506,Barcelona
1154,41.3636610,2.1431530,2031.248,39,785.6256,Barcelona
1155,41.4108890,2.2092780,136.44,15,13.644,Barcelona
1156,41.4092260,2.1877820,231.668,49,88.846,Barcelona
1158,41.3829680,2.1493220,116.501,32,14.8274,Barcelona
1159,41.4006190,2.1513780,235.18,31,-102.8378,Barcelona
1161,41.4229490,2.1386720,269.328,31,31.4216,Barcelona
1162,41.4488550,2.2193830,117.744,46,-8.5536,Barcelona
1165,41.3809130,2.1074410,15875.916,13,3345.2823,Barcelona
1166,41.4224550,2.1858240,62.946,23,-0.1614,Barcelona
1167,41.3637390,2.1479800,141.614,8,3.454,Barcelona
1168,41.4047480,2.1461320,422.636,28,59.0672,Barcelona
1169,41.3645230,2.1523680,239.466,17,37.8222,Barcelona
1171,41.3596220,2.1443460,170.984,41,29.7308,Barcelona
1173,41.4314400,2.1452400,72.806,20,8.638,Barcelona
1175,41.4263320,2.2141610,271.44,31,71.955,Barcelona
1176,41.4235090,2.2092120,246.132,50,64.7664,Barcelona
1180,41.3514050,2.1527540,19823.479,37,2233.5051,Barcelona
1181,41.3854050,2.1607500,269.67,23,84.9915,Barcelona
1183,41.3647600,2.1698300,504.24,33,88.242,Barcelona
1184,41.3911800,2.1911470,780.456,67,49.5128,Barcelona
1185,41.4282750,2.2057010,63.627,37,-13.9065,Barcelona
1186,41.4330990,2.1537410,842.166,30,280.722,Barcelona
1189,41.4035700,2.1997980,110.594,22,6.0324,Barcelona
1190,41.4486910,2.2071950,207.566,18,-82.4068,Barcelona
1192,41.3882640,2.1727750,1354.28,50,202.913,Barcelona
1193,41.3945410,2.1751340,184.052,26,41.5668,Barcelona
1194,41.4346700,2.1860510,287.868,39,64.1445,Barcelona
1195,41.3949460,2.1208580,987.404,34,138.8902,Barcelona
1196,41.4016640,2.1178240,208.221,41,21.5808,Barcelona
1198,41.3685350,2.1031810,466.004,34,8.4728,Barcelona
1199,41.4274990,2.1796130,901.03,40,147.03,Barcelona
1200,41.3908720,2.1089640,71.928,19,-12.432,Barcelona
1201,41.3991550,2.1389020,3753.256,72,1211.7508,Barcelona
1202,41.4312540,2.1757220,346.356,21,112.8864,Barcelona
1203,41.3937510,2.1272370,112.668,48,-10.1352,Barcelona
1206,41.4082710,2.1034420,100.392,23,35.2974,Barcelona
1207,41.4106550,2.2205020,59.817,24,13.1826,Barcelona
1208,41.3961050,2.1048750,554.24,22,157.9584,Barcelona
1209,41.3537150,2.1484980,62.13,17,5.4282,Barcelona
1210,41.3692030,2.1029190,78.044,34,14.7496,Barcelona
1211,41.4407460,2.1573150,124.592,26,42.0498,Barcelona
1215,41.4223530,2.2033380,153.252,33,49.3614,Barcelona
1218,41.3962610,2.1425480,41.344,22,-19.6928,Barcelona
1220,41.4164450,2.1677130,753.182,43,284.0692,Barcelona
1221,41.4414280,2.2042060,72.038,27,15.0842,Barcelona
1222,41.4028530,2.1377920,51.48,49,5.616,Barcelona
1223,41.3811200,2.1243280,2068.822,64,349.6332,Barcelona
1224,41.3569180,2.1428060,28.851,13,-5.4768,Barcelona
1226,41.4169250,2.1434100,102.256,34,-4.4156,Barcelona
1227,41.4196560,2.1174000,119.922,17,46.057,Barcelona
1228,41.4032850,2.1782790,1169.618,50,255.7226,Barcelona
1229,41.4086680,2.1502220,179.014,37,5.3878,Barcelona
1231,41.4248090,2.1711720,834.6,42,-82.176,Barcelona
1233,41.3974170,2.1049320,41.91,17,8.2296,Barcelona
1234,41.4070660,2.1678780,38.304,12,-12.4488,Barcelona
1237,41.4140060,2.2087460,143.42,23,55.238,Barcelona
1243,41.4080090,2.2079430,334.368,22,98.2464,Barcelona
1244,41.4206480,2.1469160,110.484,28,29.2392,Barcelona
1245,41.3842940,2.1254030,342.768,42,18.528,Barcelona
1247,41.4113530,2.1615410,57.4,16,7.8064,Barcelona
1248,41.4192730,2.2081970,100.92,22,30.74,Barcelona
1250,41.4493020,2.1955660,686.649,16,147.9806,Barcelona
1251,41.4188230,2.2195060,526.612,46,-201.5128,Barcelona
1252,41.3740570,2.1136580,96.646,26,26.9192,Barcelona
1254,41.4516360,2.2116360,110.016,9,39.8808,Barcelona
1256,41.4037980,2.1638040,377.538,29,90.2727,Barcelona
1257,41.4251910,2.2157980,92.82,30,24.57,Barcelona
1258,41.3522940,2.1596050,99.8,19,-0.6986,Barcelona
1259,41.4325270,2.1903380,31.588,24,-7.0328,Barcelona
1261,41.3859270,2.1448390,191.352,21,29.4168,Barcelona
1265,41.4312190,2.2035590,1073.903,39,364.7153,Barcelona
1266,41.3853540,2.1017890,69.768,34,13.7598,Barcelona
1267,41.4385440,2.2042680,545.034,22,85.2384,Barcelona
1269,41.4404110,2.1961150,117.586,40,5.698,Barcelona
1270,41.4290250,2.1957640,28.512,41,-16.137,Barcelona
1272,41.3606330,2.1609530,308.844,35,21.634,Barcelona
1273,41.3593180,2.1509430,82.95,33,-15.5946,Barcelona
1274,41.3988530,2.1082510,390.576,34,104.8128,Barcelona
1275,41.3918580,2.1138750,611.054,36,106.514,Barcelona
1276,41.4469880,2.2184610,1291.248,26,451.9368,Barcelona
1278,41.4127090,2.1374460,45.508,16,15.5608,Barcelona
1279,41.3592230,2.1625780,314.55,15,0,Barcelona
1280,41.4453420,2.1883860,85.728,21,18.0576,Barcelona
1281,41.3560270,2.1091130,51.184,20,3.656,Barcelona
1282,41.3983450,2.1369110,65.254,21,19.2871,Barcelona
1283,41.3778860,2.1351260,143.01,41,-2.1792,Barcelona
1284,41.4464180,2.2161540,698.04,29,90.7452,Barcelona
1286,41.3885790,2.1595550,4322.814,23,1592.4978,Barcelona
1289,41.3929380,2.1809770,22.88,11,2.3584,Barcelona
1291,41.4103700,2.1561690,68.88,23,-68.4208,Barcelona
1292,41.4203040,2.1780980,43.758,34,-19.822,Barcelona
1295,41.4487040,2.2004950,89.55,36,13.6116,Barcelona
1296,41.4163000,2.1650210,238.329,46,25.4916,Barcelona
1298,41.3825690,2.1620870,105.846,26,21.8868,Barcelona
1299,41.3841130,2.1167290,80.494,23,23.9554,Barcelona
1303,41.3556220,2.1345210,38.918,11,1.0208,Barcelona
1307,41.3879520,2.1127370,87.648,25,22.908,Barcelona
1308,41.3932280,2.1337990,667.993,32,182.6042,Barcelona
1310,41.4446720,2.2114840,136.728,41,4.3677,Barcelona
1314,41.4092580,2.1484560,137.532,36,55.5384,Barcelona
1315,41.4259250,2.1879820,135.801,31,43.4334,Barcelona
1316,41.3505240,2.1208690,27453.384,31,7753.039,Barcelona
1317,41.4355660,2.1832980,36.92,17,12.2972,Barcelona
1320,41.3857660,2.1131710,369.585,34,14.319,Barcelona
1321,41.4438190,2.1805190,6785.142,23,494.4212,Barcelona
1322,41.3557820,2.1450060,37.24,11,15.086,Barcelona
1324,41.4019270,2.1572120,4181.754,38,693.5592,Barcelona
1325,41.3750660,2.1460880,83.16,26,10.152,Barcelona
1326,41.3943780,2.1065440,258.72,51,-27.1656,Barcelona
1328,41.4486620,2.2062940,532.158,44,48.378,Barcelona
1330,41.4066740,2.2100200,137.808,27,-14.4072,Barcelona
1335,41.4273800,2.1493910,354.032,41,41.202,Barcelona
1338,41.3941340,2.1072610,122.18,28,7.45,Barcelona
1339,41.3633810,2.1644830,131.097,45,18.4125,Barcelona
1341,41.3517630,2.1473870,1180.704,12,413.2464,Barcelona
1342,41.3904810,2.1024160,276.945,22,-19.461,Barcelona
1343,41.3649240,2.1517050,90.706,36,12.4564,Barcelona
1344,41.4091440,2.1505360,11.088,15,-2.016,Barcelona
1345,41.4137130,2.1743910,569.24,19,162.64,Barcelona
1346,41.3511910,2.1580120,215.109,35,66.6915,Barcelona
1348,41.4313050,2.1389830,8109.072,33,2536.7163,Barcelona
1349,41.4428790,2.1966150,100.464,16,38.7296,Barcelona
1350,41.4125560,2.2220020,116.224,34,37.5004,Barcelona
1351,41.3650660,2.1021180,583.637,48,55.2482,Barcelona
1352,41.4424190,2.2008940,704.691,44,39.3714,Barcelona
1353,41.3644250,2.1331980,487.344,42,100.8768,Barcelona
1354,41.3521060,2.1366640,174.73,18,12.802,Barcelona
1355,41.4427770,2.1647450,38.642,29,-4.8928,Barcelona
1356,41.3917710,2.1464670,140.728,48,22.5148,Barcelona
1357,41.3501620,2.1374750,55.755,13,-2.9205,Barcelona
1358,41.4275750,2.2217740,52.992,20,-23.808,Barcelona
1362,41.3977610,2.1378640,133.86,14,21.825,Barcelona
1363,41.3578830,2.1285290,75.432,36,-13.47,Barcelona
1364,41.3795920,2.1605100,17.49,13,-4.8336,Barcelona
1365,41.4396930,2.1592260,29.952,19,9.7968,Barcelona
1370,41.3938820,2.1281730,42.112,26,16.6944,Barcelona
1371,41.3735000,2.1176000,182.508,42,-3.216,Barcelona
1372,41.4246900,2.1976650,1089.936,36,-242.208,Barcelona
1373,41.4193960,2.1183700,466.29,20,107.074,Barcelona
1374,41.4473350,2.1794940,310.206,31,52.4472,Barcelona
1375,41.3965800,2.1842660,386.084,39,76.9232,Barcelona
1376,41.3811890,2.1431490,258.054,16,90.214,Barcelona
1378,41.4063990,2.2112680,3234.913,23,1086.3772,Barcelona
1380,41.3676760,2.1009800,661.942,33,-9.245,Barcelona
1381,41.4257110,2.1559590,35.775,6,15.525,Barcelona
1383,41.4135590,2.1302370,125.334,38,1.188,Barcelona
1384,41.4100720,2.1849530,4209.8,15,1052.45,Barcelona
1385,41.3591490,2.1343380,85.995,21,15.0969,Barcelona
1387,41.4155890,2.1541020,51.48,19,-23.76,Barcelona
1388,41.3552680,2.1207190,669.496,26,234.3236,Barcelona
1389,41.4034650,2.1261480,66.663,12,15.3078,Barcelona
1395,41.4354070,2.2226430,2954.444,27,489.641,Barcelona
1396,41.4183450,2.1324430,40.32,15,12.6,Barcelona
1397,41.4024400,2.1741950,3222.996,22,-461.3308,Barcelona
1400,41.4451110,2.2134870,1100.4,34,138.336,Barcelona
1402,41.4125750,2.2221630,7985.383,28,2318.337,Barcelona
1404,41.4072280,2.1897910,5535.593,45,-246.0675,Barcelona
1405,41.3796810,2.1800770,214.573,36,47.873,Barcelona
1407,41.4178100,2.1964530,38.016,30,4.32,Barcelona
1409,41.3510850,2.1446290,32.648,4,1.7808,Barcelona
1414,41.4014440,2.1036460,212.08,59,58.5148,Barcelona
1415,41.4077070,2.1828040,142.05,13,18.94,Barcelona
1416,41.3642200,2.1361110,212.658,14,-18.4092,Barcelona
1420,41.3970950,2.1942830,156.938,27,-11.2612,Barcelona
1422,41.4192550,2.1446400,204.724,18,50.1904,Barcelona
1424,41.4176890,2.1448220,256.122,18,102.4488,Barcelona
1425,41.4287960,2.1300500,16.402,8,5.0596,Barcelona
1427,41.3622160,2.1632450,184,20,57.5,Barcelona
1428,41.3765020,2.1048660,29.952,28,-0.9152,Barcelona
1429,41.3543220,2.1219030,147.028,44,50.7164,Barcelona
1432,41.4023940,2.1725110,17965.068,27,-1878.1662,Barcelona
1433,41.4120040,2.1948470,1555.75,28,632.2568,Barcelona
1434,41.3839000,2.1441310,211.508,27,86.4386,Barcelona
1435,41.4572910,2.2183070,320.25,22,139.08,Barcelona
1438,41.4097050,2.1255850,75.164,10,28.842,Barcelona
1441,41.3748490,2.1088950,552.706,19,177.6555,Barcelona
1443,41.4108300,2.1511770,100.632,9,42.4092,Barcelona
1444,41.4473050,2.2044780,160.392,18,65.3304,Barcelona
1445,41.3898630,2.1867020,41.3,11,16.7678,Barcelona
1446,41.4425350,2.1818310,125.172,13,52.3746,Barcelona
1448,41.4146910,2.1353090,146.688,21,64.8636,Barcelona
1449,41.4010270,2.1046960,336.952,34,150.972,Barcelona
1451,41.3500010,2.1520710,54.684,11,23.994,Barcelona
1452,41.4127010,2.1068290,632.52,12,309.9348,Barcelona
1454,41.3865040,2.1379930,939.092,16,421.9816,Barcelona
1455,41.3776500,2.1001840,68.136,35,30.294,Barcelona
1456,41.4375210,2.2208560,244.512,15,117.162,Barcelona
1458,41.4390280,2.2060530,7.072,2,2.3868,Barcelona
1459,41.4007160,2.1378660,196.056,26,88.8476,Barcelona
1460,41.3890350,2.1890780,29.808,2,10.8054,Barcelona
1463,41.4468030,2.2231070,130.64,23,61.4008,Barcelona
1465,41.4208770,2.1826270,1359.666,19,514.4909,Barcelona
1466,41.3594150,2.1680620,108.682,10,52.123,Barcelona
1468,41.4436760,2.1729720,375.732,30,164.862,Barcelona
1470,41.3818390,2.1751940,570.78,24,225.0504,Barcelona
1471,41.3855870,2.1893030,176.016,17,77.586,Barcelona
1473,41.4116630,2.1636110,93.22,35,39.53,Barcelona
1475,41.4493010,2.1871510,78.24,9,34.23,Barcelona
1476,41.4357190,2.1577150,610.98,17,274.941,Barcelona
1478,41.4374780,2.2077110,53.76,12,25.8048,Barcelona
1480,41.3734290,2.1431680,176.288,13,63.747,Barcelona
1483,41.4372470,2.1702590,1360.476,18,559.3068,Barcelona
1485,41.3956620,2.1203790,240.764,11,88.1929,Barcelona
1486,41.4443450,2.1918050,783.608,22,299.85,Barcelona
1487,41.3961230,2.1031490,71.28,9,24.948,Barcelona
1489,41.4344440,2.2212820,114.816,26,50.3872,Barcelona
1490,41.4025190,2.1293720,247.616,24,107.456,Barcelona
1491,41.4345850,2.2021410,65.52,9,31.4496,Barcelona
1492,41.4155720,2.2208790,284.832,35,131.238,Barcelona
1493,41.3562000,2.1630990,1266.72,14,570.024,Barcelona
1494,41.4362140,2.2078300,88.008,9,35.898,Barcelona
1496,41.4163250,2.1495690,197.82,10,81.326,Barcelona
1498,41.3688730,2.1387230,68.28,5,23.0445,Barcelona
1500,41.4307240,2.1995850,50.922,16,19.0404,Barcelona
1501,41.3800560,2.1781090,198.462,20,83.226,Barcelona
1502,41.4186100,2.2041040,62.28,4,29.2716,Barcelona
1505,41.4158630,2.1359540,58.644,18,24.1092,Barcelona
1506,41.3868130,2.1441200,50.232,9,22.7838,Barcelona
1507,41.4245550,2.1417560,325.86,2,149.8956,Barcelona
1508,41.4379240,2.1505660,259.092,12,115.152,Barcelona
1510,41.3842910,2.1540960,163.496,23,73.8788,Barcelona
1511,41.4322530,2.1415570,488.904,32,223.1408,Barcelona
1512,41.3567900,2.1467400,433.72,15,196.723,Barcelona
1514,41.4305770,2.1790350,36.708,16,15.0024,Barcelona
1515,41.3738790,2.1522920,77.904,15,36.5175,Barcelona
1517,41.3833420,2.1345400,48.006,29,-5.7078,Barcelona
1519,41.3581000,2.1648380,186.06,32,78.162,Barcelona
1521,41.3635960,2.1504500,139.44,24,43.2264,Barcelona
1522,41.4385460,2.1880690,19.782,5,-3.768,Barcelona
1523,41.4007270,2.1433160,54.936,27,20.2086,Barcelona
1524,41.3977130,2.1330350,15.624,13,7.0804,Barcelona
1525,41.3746400,2.1603800,92.136,30,35.598,Barcelona
1526,41.3822240,2.1359330,36.112,27,15.3328,Barcelona
1527,41.4288110,2.2210670,139.62,44,59.2848,Barcelona
1530,41.3856750,2.1115080,128.164,38,60.144,Barcelona
1531,41.4218850,2.1779560,54.312,19,23.798,Barcelona
1532,41.4278210,2.1334250,12.996,13,5.1414,Barcelona
1534,41.3801070,2.1845030,67.116,23,25.4975,Barcelona
1535,41.4347960,2.1762510,66.03,19,30.2815,Barcelona
1536,41.3875490,2.1338870,13.068,7,-0.5148,Barcelona
1537,41.4217200,2.2082620,29.868,9,10.7682,Barcelona
1540,41.4383840,2.2103740,123.136,35,48.856,Barcelona
1541,41.3743160,2.1734480,69.76,34,20.0996,Barcelona
1542,41.4341370,2.1850140,8.096,5,3.404,Barcelona
1544,41.4199510,2.1316380,50.388,22,21.5878,Barcelona
1546,41.3978840,2.2049750,197.612,27,-10.3474,Barcelona
1549,41.3509980,2.1541980,225,47,102.8,Barcelona
1552,41.3810450,2.1543000,24.978,15,7.602,Barcelona
1554,41.4207340,2.1766610,13.44,8,0.5376,Barcelona
1555,41.4265230,2.1302530,87.69,25,20.54,Barcelona
1559,41.3798050,2.1268010,5307.836,46,1392.2752,Barcelona
1560,41.3824970,2.1309450,95.016,23,40.8884,Barcelona
1561,41.3575030,2.1573680,77.112,24,28.1232,Barcelona
1562,41.4379280,2.1758410,46.376,15,19.778,Barcelona
1565,41.4466110,2.2028730,58.692,33,24.8637,Barcelona
1567,41.3740340,2.1770980,34.592,22,7.708,Barcelona
1568,41.4391460,2.1922400,34.39,21,8.9233,Barcelona
1569,41.4125740,2.1085570,146.754,22,51.285,Barcelona
1571,41.4201340,2.1672910,29.7,15,0,Barcelona
1572,41.3822620,2.1460560,25.704,21,0.3024,Barcelona
1575,41.4256300,2.1310480,26.724,12,9.7464,Barcelona
1576,41.4346550,2.1534500,192.128,35,85.728,Barcelona
1577,41.4031050,2.1811650,24.552,15,5.841,Barcelona
1581,41.3861260,2.1628290,64.042,16,20.0244,Barcelona
1582,41.3567410,2.1613870,77.244,18,-3.297,Barcelona
1585,41.4286210,2.1325300,33.48,20,-2.604,Barcelona
1586,41.3691390,2.1200580,296.184,29,119.7364,Barcelona
1587,41.3584590,2.1232060,58.344,16,-0.299199999999997,Barcelona
1588,41.4297060,2.2102110,50.25,14,22.95,Barcelona
1589,41.4476950,2.1856420,90.72,15,39.69,Barcelona
1590,41.3632520,2.1361480,56.672,20,24.64,Barcelona
1591,41.3871770,2.1312450,153.51,23,64.4011,Barcelona
1592,41.4118010,2.1669440,68.634,19,31.4757,Barcelona
1593,41.3928260,2.1442240,56.376,23,23.9598,Barcelona
1594,41.4494270,2.1986620,97.02,16,42.588,Barcelona
1597,41.3925310,2.1632040,95.616,20,41.832,Barcelona
1599,41.3623080,2.1490910,155.25,15,74.52,Barcelona
1600,41.4164050,2.1628920,66.42,22,23.3946,Barcelona
1602,41.4312330,2.2047390,51.03,17,23.184,Barcelona
1604,41.4027050,2.1763180,20.65,5,9.499,Barcelona
1607,41.3775520,2.1146940,32.364,13,14.0418,Barcelona
1608,41.3698340,2.1002490,17.64,7,6.174,Barcelona
1609,41.4362490,2.1915500,44.37,18,19.0008,Barcelona
1611,41.3600270,2.1023910,421.008,39,162.0129,Barcelona
1613,41.3789840,2.1442840,277.38,28,126.684,Barcelona
1614,41.3626410,2.1277950,47.808,17,22.8384,Barcelona
1615,41.4123070,2.1759690,248.4,24,119.232,Barcelona
1616,41.3794420,2.1072170,46.62,15,22.05,Barcelona
1617,41.3969240,2.1292750,127.944,17,-8.7379,Barcelona
1619,41.4239560,2.1696100,699.03,26,298.3578,Barcelona
1620,41.3998930,2.1536180,176.292,40,68.724,Barcelona
1621,41.4149090,2.1870540,113.472,44,48.8448,Barcelona
1623,41.4100140,2.1514950,106.47,35,49.14,Barcelona
1627,41.3904650,2.1178550,93.624,22,34.4616,Barcelona
1630,41.3745180,2.1634760,109.65,15,51.5355,Barcelona
1633,41.4069110,2.1700850,71.25,20,32.25,Barcelona
1634,41.4254110,2.1860790,88.38,18,43.3062,Barcelona
1635,41.3803930,2.1012470,159.39,16,73.278,Barcelona
1636,41.4368130,2.1669570,91.168,30,43.12,Barcelona
1637,41.4503340,2.2026740,48.048,16,22.4224,Barcelona
1639,41.3900350,2.1989450,177.6,13,81.4,Barcelona
1640,41.4041550,2.1229300,16.704,7,6.8382,Barcelona
1641,41.4525970,2.2103200,24.024,8,11.2112,Barcelona
1642,41.4059570,2.1094620,9.216,4,3.3408,Barcelona
1643,41.3965390,2.2004420,121.346,18,51.6086,Barcelona
1646,41.3967290,2.1677200,639.03,51,300.3441,Barcelona
1649,41.3950560,2.2004770,89.25,24,42.45,Barcelona
1651,41.4170870,2.1401450,153.72,29,55.062,Barcelona
1652,41.3764130,2.1438150,58.48,8,27.4856,Barcelona
1653,41.3947040,2.1085890,66.08,17,28.1666,Barcelona
1654,41.3943490,2.1580300,95.76,16,41.328,Barcelona
1655,41.4367290,2.1820910,78.336,30,34.272,Barcelona
1659,41.4465390,2.1966010,87.398,19,39.8201,Barcelona
1660,41.4158100,2.1083080,5.76,2,2.8224,Barcelona
1661,41.4419820,2.1729640,266.4,18,133.2,Barcelona
1662,41.4438350,2.1939680,1233.412,43,524.5054,Barcelona
1665,41.4244570,2.1927820,62.65,5,29.4455,Barcelona
1666,41.3703860,2.1243720,35.258,13,15.3459,Barcelona
1669,41.4216590,2.1817670,21.75,7,8.1,Barcelona
1672,41.4068710,2.1895500,84.87,25,35.9775,Barcelona
1673,41.3825130,2.1252820,110.25,35,52.92,Barcelona
1674,41.3876590,2.1301880,518,37,244.2,Barcelona
1675,41.3757900,2.1531060,3322.878,36,1517.9064,Barcelona
1677,41.3725500,2.1096210,24.192,10,8.64,Barcelona
1678,41.4335390,2.1478500,14.73,3,7.2177,Barcelona
1679,41.4486200,2.1824390,168.13,24,75.1468,Barcelona
1683,41.3889410,2.1336890,45.43,12,18.6676,Barcelona
1685,41.3762460,2.1744130,11.56,4,5.4332,Barcelona
1686,41.3817560,2.1827460,55.974,13,23.4207,Barcelona
1687,41.4477930,2.1972530,53.568,20,22.464,Barcelona
1690,41.3942020,2.1540430,53.754,21,21.5883,Barcelona
1691,41.3537380,2.1324470,137.116,37,54.5986,Barcelona
1693,41.3792080,2.1696670,372.96,28,165.76,Barcelona
1697,41.4581150,2.2245200,235.564,20,102.746,Barcelona
1698,41.4490500,2.2056090,66.816,24,31.5648,Barcelona
1699,41.3798810,2.1720880,26.568,9,8.9667,Barcelona
1700,41.3580710,2.1118650,84.388,32,35.3736,Barcelona
1702,41.4397820,2.2008330,83.664,19,32.5692,Barcelona
1703,41.4529630,2.2247040,51.12,15,21.96,Barcelona
1704,41.3789800,2.1050440,209.952,36,88.6464,Barcelona
1705,41.3993430,2.1162600,95.904,17,38.6208,Barcelona
1706,41.3526910,2.1450530,6.48,1,3.1104,Barcelona
1707,41.4440490,2.1707730,150.336,24,69.4656,Barcelona
1708,41.3875330,2.1817930,857.376,17,380.8728,Barcelona
1709,41.3778420,2.1017980,102.492,13,37.1059,Barcelona
1710,41.4417220,2.1779680,1696.986,45,756.2655,Barcelona
1713,41.4176070,2.1780770,57.352,16,19.688,Barcelona
1715,41.4197140,2.2238350,27.468,14,11.2924,Barcelona
1716,41.4408080,2.1552870,144.672,29,65.0496,Barcelona
1717,41.4348880,2.1486540,767.232,39,354.2454,Barcelona
1718,41.3774650,2.1746060,638.188,24,229.252,Barcelona
1720,41.3910290,2.1659600,152.144,18,54.0728,Barcelona
1723,41.4465300,2.1893880,512.19,30,216.258,Barcelona
1725,41.4045720,2.1843480,99.9,5,46.953,Barcelona
1726,41.4313040,2.1466400,75.696,16,33.4656,Barcelona
1728,41.4100430,2.1863600,84.24,14,37.0656,Barcelona
1729,41.4336560,2.1810800,69.984,12,30.3264,Barcelona
1730,41.3830350,2.1195260,458.504,16,185.88,Barcelona
1731,41.4263130,2.1749130,136.816,15,55.33,Barcelona
1733,41.4046210,2.1834700,196.48,17,85.8372,Barcelona
1736,41.4231640,2.1874550,111.456,18,50.8032,Barcelona
1737,41.4505790,2.2003510,85.536,15,34.992,Barcelona
1739,41.4086190,2.1502360,155.844,9,60.5394,Barcelona
1740,41.3684430,2.1715760,121.824,22,47.6928,Barcelona
1742,41.4199830,2.1741050,16.896,4,5.28,Barcelona
1743,41.3925910,2.1064990,182.72,10,59.384,Barcelona
1744,41.3538090,2.1529170,113.848,28,47.936,Barcelona
1746,41.4557170,2.2103640,118.524,25,52.539,Barcelona
1748,41.4535600,2.2107620,51.36,6,24.1392,Barcelona
1755,41.3902330,2.1083770,2141.634,48,947.526,Barcelona
1757,41.4523060,2.2172460,281.892,37,127.602,Barcelona
1758,41.3602120,2.1482000,1782.45,19,746.532,Barcelona
1759,41.3585240,2.1263490,76.836,12,36.396,Barcelona
1760,41.3775240,2.1586380,1105.728,34,467.0992,Barcelona
1761,41.3822270,2.1126220,172.776,33,76.1832,Barcelona
1762,41.3700990,2.1184090,1016.792,28,453.7624,Barcelona
1766,41.3891500,2.1374230,415.132,15,159.547,Barcelona
1767,41.3779010,2.1162100,231.856,10,94.36,Barcelona
1768,41.3807760,2.1444150,110.16,19,46.1376,Barcelona
1771,41.3676310,2.1428310,70.752,14,30.096,Barcelona
1773,41.3599280,2.1605670,83.712,15,30.738,Barcelona
1774,41.3862900,2.1704260,54.908,11,25.8482,Barcelona
1776,41.4196840,2.1631890,860.22,17,398.4113,Barcelona
1778,41.3828370,2.1609790,54.432,9,24.1056,Barcelona
1779,41.3598730,2.1574480,279.9,5,137.151,Barcelona
1781,41.3568370,2.1523260,218.094,34,95.2656,Barcelona
1782,41.4050120,2.1906260,106.288,15,49.504,Barcelona
1783,41.4189150,2.1834020,351.736,16,154.3984,Barcelona
1784,41.4432460,2.2077750,49.708,9,23.1778,Barcelona
1785,41.3876650,2.1672530,501.392,39,221.8404,Barcelona
1786,41.4508130,2.2236810,62.608,9,28.5376,Barcelona
1788,41.3734200,2.1611740,1565.818,40,729.622,Barcelona
1789,41.4389970,2.1615710,60.112,12,24.7384,Barcelona
1790,41.4079820,2.2047790,49.504,12,20.3728,Barcelona
1792,41.3988170,2.1410290,219.144,27,87.9673,Barcelona
1793,41.4044790,2.1953060,237.536,12,89.5328,Barcelona
1794,41.3651200,2.1245520,130.928,20,61.456
1796,41.4181270,2.1724140,95.904,18,35.2512,Barcelona
1797,41.4087550,2.1805930,115.434,26,47.223,Barcelona
1798,41.3775790,2.1690830,1097.208,20,526.212,Barcelona
1799,41.3946610,2.1827080,70.192,17,31.6292,Barcelona
1800,41.3669470,2.1713600,60.912,11,23.8464,Barcelona
1801,41.3722320,2.1348300,18.308,5,8.358,Barcelona
1802,41.3762450,2.1228550,155.04,4,75.9696,Barcelona
1806,41.3949460,2.1997170,37.932,7,13.2108,Barcelona
1807,41.3940870,2.1108770,2789.01,28,1262.394,Barcelona
1808,41.4168140,2.2056400,93.248,4,31.4712,Barcelona
1812,41.3799600,2.1329060,543.456,32,204.5952,Barcelona
1814,41.4451110,2.1784160,1434.65,39,619.3589,Barcelona
1816,41.4049990,2.1439020,1102.888,41,404.289,Barcelona
1817,41.3612530,2.1607660,865.488,17,375.0448,Barcelona
1819,41.3849750,2.1259430,222.432,28,81.8424,Barcelona
1821,41.4061680,2.1582870,138.736,24,65.5408,Barcelona
1823,41.4084720,2.1537480,46.464,10,17.424,Barcelona
1824,41.4216290,2.2249450,77.088,17,27.72,Barcelona
1827,41.3536560,2.1255560,29.9,5,14.651,Barcelona
1828,41.3908490,2.1638230,45.36,7,21.7728,Barcelona
1829,41.4238150,2.2138260,88.11,11,39.6495,Barcelona
1830,41.4111820,2.1626590,18.25,5,8.5775,Barcelona
1831,41.3560290,2.1043640,191.6,4,91.968,Barcelona
1832,41.4161390,2.1547720,1279.08,37,547.6788,Barcelona
1834,41.3529970,2.1561300,79.056,13,35.2512,Barcelona
1835,41.3784970,2.1062020,405.958,24,169.2124,Barcelona
1838,41.3708200,2.1474690,54.6,15,22.47,Barcelona
1842,41.4312870,2.1707230,651.44,14,302.728,Barcelona
1844,41.3579400,2.1023940,294.72,24,138.5184,Barcelona
1847,41.3914100,2.1037630,19.92,4,9.7608,Barcelona
1850,41.4233760,2.1848120,186.496,14,72.7936,Barcelona
1856,41.4347500,2.1778360,86.84,14,38.2096,Barcelona
1858,41.3907970,2.1098670,116.96,16,53.8016,Barcelona
1859,41.4031360,2.1326310,956.304,19,423.7416,Barcelona
1863,41.3574170,2.1115450,268.5,30,123.51,Barcelona
1864,41.3695350,2.1744020,114.54,28,43.4256,Barcelona
1866,41.4036060,2.1626900,127.008,21,56.2464,Barcelona
1867,41.3795990,2.1588700,80.936,15,32.918,Barcelona
1868,41.4294300,2.1938970,120.528,19,56.5056,Barcelona
1869,41.4404640,2.1722360,49.98,7,22.7115,Barcelona
1872,41.3508250,2.1265560,136.344,25,54.119,Barcelona
1873,41.4296230,2.1514000,73.696,25,29.281,Barcelona
1875,41.4574680,2.2136470,38.136,9,15.663,Barcelona
1876,41.3876650,2.1863820,143.856,24,62.9856,Barcelona
1877,41.3825960,2.1238260,11.952,3,4.3326,Barcelona
1878,41.3721560,2.1427630,169.832,32,64.584,Barcelona
1879,41.4015950,2.2038690,257.556,29,107.5854,Barcelona
1881,41.4137750,2.1359930,149.85,15,67.4325,Barcelona
1882,41.4091380,2.1374930,178.296,5,79.458,Barcelona
1883,41.4215300,2.1542300,623.744,18,285.6464,Barcelona
1884,41.3697290,2.1145730,108.416,17,44.9856,Barcelona
1885,41.4156030,2.2128020,32.868,7,15.0894,Barcelona
1886,41.3912750,2.1916250,49.95,5,22.4775,Barcelona
1887,41.4290390,2.2164440,246.582,28,109.0152,Barcelona
1889,41.4288440,2.2122980,586.088,14,236.3568,Barcelona
1890,41.3979420,2.1408490,145.152,25,60.912,Barcelona
1893,41.4192230,2.1579980,77.74,13,38.0926,Barcelona
1895,41.3757640,2.1084040,164.328,27,70.5408,Barcelona
1896,41.4213820,2.1923580,960.8,20,461.184,Barcelona
1898,41.4138750,2.1129080,40.176,7,16.5888,Barcelona
1899,41.3707030,2.1709970,36.288,7,12.7008,Barcelona
1901,41.4482490,2.2229460,132.888,24,60.9168,Barcelona
1903,41.4017480,2.1434400,69.36,14,28.0908,Barcelona
1904,41.3560420,2.1065960,171.072,28,76.7232,Barcelona
1905,41.4330410,2.1572410,1320.57,30,542.901,Barcelona
1906,41.3771830,2.1767460,110.016,17,43.7772,Barcelona
1907,41.3803430,2.1722040,147.744,24,68.4288,Barcelona
1908,41.3931050,2.2029440,124.416,24,43.5456,Barcelona
1910,41.3920980,2.1453200,57.408,10,26.91,Barcelona
1912,41.3750870,2.1105860,200.16,26,80.898,Barcelona
1913,41.4060030,2.1602670,82.224,4,32.8896,Barcelona
1915,41.3957190,2.2010510,721.744,33,314.7352,Barcelona
1917,41.4050950,2.1379110,2167.348,70,1006.4352,Barcelona
1920,41.4137890,2.1040820,215.136,37,90.4608,Barcelona
1921,41.4070720,2.1509690,443.84,9,184.1936,Barcelona
1925,41.4001200,2.1145450,121.392,6,48.5568,Barcelona
1926,41.4235360,2.2173100,12.96,2,6.3504,Barcelona
1928,41.3925600,2.1688330,196.992,33,85.7952,Barcelona
1929,41.3983850,2.2042060,138.672,24,59.3568,Barcelona
1930,41.4477610,2.1764790,58.32,9,27.9936,Barcelona
1931,41.3948150,2.1319170,15.232,4,4.9504,Barcelona
1932,41.3627050,2.1443620,516.624,10,236.328,Barcelona
1933,41.3995810,2.1844780,262.964,35,113.199,Barcelona
1935,41.3974310,2.1227220,174.556,34,74.3308,Barcelona
1937,41.3550300,2.1523980,168.464,33,71.0412,Barcelona
1940,41.4102910,2.1914360,593.84,27,260.8328,Barcelona
1942,41.4563420,2.2167880,67.728,16,27.0912,Barcelona
1944,41.4255780,2.1504010,191.36,33,82.823,Barcelona
1945,41.4402880,2.1664120,119.97,22,47.601,Barcelona
1946,41.4312930,2.1535570,138.532,26,59.1696,Barcelona
1947,41.4377800,2.2030590,881.092,37,354.0196,Barcelona
1949,41.4148360,2.2055830,76.092,8,29.5416,Barcelona
1950,41.4017560,2.1473800,142.56,22,68.4288,Barcelona
1953,41.4116910,2.1385590,573.648,16,257.3664,Barcelona
1954,41.4187650,2.1406510,15.552,3,5.6376,Barcelona
1955,41.3547120,2.1340000,89.424,15,38.88,Barcelona
1959,41.4305310,2.2006790,1004.652,52,415.284,Barcelona
1963,41.4224230,2.1824380,284.382,15,108.336,Barcelona
1967,41.3868660,2.1683070,106.352,19,50.3438,Barcelona
1968,41.4000630,2.1200280,139.392,30,52.272,Barcelona
1969,41.3705120,2.1522680,244.7,5,122.35,Barcelona
1970,41.4408740,2.2122460,32.4,5,15.552,Barcelona
1971,41.3600950,2.1491380,268.24,7,93.884,Barcelona
1972,41.3620290,2.1020740,755.912,30,244.742,Barcelona
1973,41.4294060,2.1753060,101.592,22,43.5252,Barcelona
1974,41.3695620,2.1292270,124.608,26,49.104,Barcelona
1979,41.3560750,2.1049240,106.722,25,47.187,Barcelona
1980,41.4188740,2.1491120,68.276,21,29.9468,Barcelona
1983,41.3867720,2.1050320,166.704,20,67.044,Barcelona
1984,41.4206020,2.1497110,181.44,29,83.72,Barcelona
1986,41.3830290,2.1886800,89.7,16,40.9032,Barcelona
1988,41.3949670,2.1687340,227.04,33,104.4384,Barcelona
1989,41.3560690,2.1532650,34.24,8,15.408,Barcelona
1990,41.4498840,2.2007060,72.252,12,31.3092,Barcelona
1991,41.3769180,2.1282600,89.7,15,40.365,Barcelona
1992,41.4480770,2.2163000,170.1,15,83.349,Barcelona
1993,41.3614430,2.1562570,120.528,22,46.3968,Barcelona
1995,41.3600230,2.1263910,124.8,20,56.16,Barcelona
1997,41.4091040,2.1552630,125.84,13,60.4032,Barcelona
1998,41.3901280,2.1493220,597.068,13,278.958,Barcelona